{"bert-model": null, "emo": "disgust", "seed": 17, "src": "['hurricane']", "tgt": "go", "loss_ratio": 0.05, "num_fewshoot": -1, "zero_src_f1": 53.75302663438257, "zero_src_acc": 92.34161988773056, "zero_tgt_f1": 11.645569620253164, "zero_tgt_acc": 72.5987961266684, "few_src_f1": 2.1621621621621623, "few_src_acc": 92.74258219727346, "few_tgt_f1": 54.8076923076923, "few_tgt_acc": 97.5399110180581, "savedir": "saved_models/hur2go/disgust_17"}