{"bert-model": null, "emo": "fear", "seed": 17, "src": "['hurricane']", "tgt": "go", "loss_ratio": 0.05, "num_fewshoot": -1, "zero_src_f1": 59.53278070836473, "zero_src_acc": 78.4683239775461, "zero_tgt_f1": 9.467455621301776, "zero_tgt_acc": 95.99581261449882, "few_src_f1": 35.196195005945306, "few_src_acc": 78.14755412991178, "few_tgt_f1": 69.91150442477876, "few_tgt_acc": 98.22036116199948, "savedir": "saved_models/hur2go/fear_17"}