{"bert-model": null, "emo": "joy", "seed": 17, "src": "['hurricane']", "tgt": "go", "loss_ratio": 0.05, "num_fewshoot": -1, "zero_src_f1": 83.40425531914893, "zero_src_acc": 74.97995188452286, "zero_tgt_f1": 77.9476439790576, "zero_tgt_acc": 72.44176917037424, "few_src_f1": 78.92243931320307, "few_src_acc": 71.4514835605453, "few_tgt_f1": 90.46737621471542, "few_tgt_acc": 89.21748233446742, "savedir": "saved_models/hur2go/joy_17"}