{"bert-model": null, "emo": "surprise", "seed": 17, "src": "['hurricane']", "tgt": "go", "loss_ratio": 0.05, "num_fewshoot": -1, "zero_src_f1": 33.431085043988276, "zero_src_acc": 90.8981555733761, "zero_tgt_f1": 17.36842105263158, "zero_tgt_acc": 75.34676786181628, "few_src_f1": 16.172506738544474, "few_src_acc": 87.53007217321573, "few_tgt_f1": 70.59736229635377, "few_tgt_acc": 90.08113059408532, "savedir": "saved_models/hur2go/surprise_17"}