{"bert-model": null, "emo": "sadness", "seed": 17, "src": "['hurricane']", "tgt": "go", "loss_ratio": 0.05, "num_fewshoot": -1, "zero_src_f1": 46.89922480620155, "zero_src_acc": 89.01363271852446, "zero_tgt_f1": 28.79684418145957, "zero_tgt_acc": 90.55221146296782, "few_src_f1": 38.57442348008386, "few_src_acc": 88.25180433039294, "few_tgt_f1": 62.51728907330566, "few_tgt_acc": 92.90761580738027, "savedir": "saved_models/hur2go/sadness_17"}