{"bert-model": null, "emo": "anger", "seed": 17, "src": "['hurricane']", "tgt": "go", "loss_ratio": 0.05, "num_fewshoot": -1, "zero_src_f1": 56.28415300546449, "zero_src_acc": 93.58460304731355, "zero_tgt_f1": 50.91598231206569, "zero_tgt_acc": 79.6650091599058, "few_src_f1": 45.3125, "few_src_acc": 91.57979149959904, "few_tgt_f1": 70.22222222222223, "few_tgt_acc": 87.72572624967286, "savedir": "saved_models/hur2go/anger_17"}